,Form,Name,Number,TemplateId,baseAttack,baseCaptureRate,baseDefense,baseFleeRate,baseStamina,cp_level_20,cp_level_30,cp_level_40,Generation,dominant_color_1,dominant_color_2,dominant_color_3
0,,BULBASAUR,1,V0001_POKEMON_BULBASAUR,118,0.2,111,0.1,128,637,955,1115,1,#399494,#62d5b4,#101010
1,,IVYSAUR,2,V0002_POKEMON_IVYSAUR,151,0.1,143,0.07,155,970,1456,1699,1,#209483,#5acdbd,#317b52
2,,VENUSAUR,3,V0003_POKEMON_VENUSAUR,198,0.05,189,0.05,190,1554,2332,2720,1,#20b49c,#105241,#ff7b73
3,,CHARMANDER,4,V0004_POKEMON_CHARMANDER,116,0.2,93,0.1,118,560,840,980,1,#ff9441,#de5239,#101010
4,,CHARMELEON,5,V0005_POKEMON_CHARMELEON,158,0.1,126,0.07,151,944,1417,1653,1,#cd3939,#ff524a,#101010
5,,CHARIZARD,6,V0006_POKEMON_CHARIZARD,223,0.05,173,0.05,186,1651,2476,2889,1,#ee8329,#cd5241,#084152
6,,SQUIRTLE,7,V0007_POKEMON_SQUIRTLE,94,0.2,121,0.1,127,540,810,946,1,#5a9ca4,#8bc5cd,#101010
7,,WARTORTLE,8,V0008_POKEMON_WARTORTLE,126,0.1,155,0.07,153,850,1275,1488,1,#8bacf6,#627bc5,#101010
8,,BLASTOISE,9,V0009_POKEMON_BLASTOISE,171,0.05,207,0.05,188,1409,2113,2466,1,#5a8bcd,#101010,#083962
9,,CATERPIE,10,V0010_POKEMON_CATERPIE,55,0.5,55,0.2,128,249,374,437,1,#31ac41,#e6cd94,#6ad531
10,,METAPOD,11,V0011_POKEMON_METAPOD,45,0.25,80,0.09,137,257,386,450,1,#6a8b5a,#83c54a,#394a41
11,,BUTTERFREE,12,V0012_POKEMON_BUTTERFREE,167,0.125,137,0.06,155,1044,1566,1827,1,#eeeeff,#313152,#5a4a73
12,,WEEDLE,13,V0013_POKEMON_WEEDLE,63,0.5,50,0.2,120,260,391,456,1,#cd7310,#eeac41,#181818
13,,KAKUNA,14,V0014_POKEMON_KAKUNA,46,0.25,75,0.09,128,246,370,432,1,#cd9c10,#f6cd31,#fff6cd
14,,BEEDRILL,15,V0015_POKEMON_BEEDRILL,169,0.125,130,0.06,163,1054,1582,1846,1,#ffffff,#181818,#bdacc5
15,,PIDGEY,16,V0016_POKEMON_PIDGEY,85,0.5,73,0.2,120,388,583,680,1,#a4625a,#e6bd62,#412918
16,,PIDGEOTTO,17,V0017_POKEMON_PIDGEOTTO,117,0.25,105,0.09,160,682,1024,1194,1,#ffe68b,#e6bd5a,#835231
17,,PIDGEOT,18,V0018_POKEMON_PIDGEOT,166,0.125,154,0.06,195,1216,1825,2129,1,#e6b462,#101010,#ffe68b
18,NORMAL,RATTATA,19,V0019_POKEMON_RATTATA_NORMAL,103,0.5,70,0.2,102,419,630,734,1,#b473bd,#8b4a8b,#101010
19,,RATTATA,19,V0019_POKEMON_RATTATA,103,0.5,70,0.2,102,419,630,734,1,#b473bd,#8b4a8b,#101010
20,ALOLA,RATTATA,19,V0019_POKEMON_RATTATA_ALOLA,103,0.5,70,0.2,102,419,630,734,1,#b473bd,#8b4a8b,#101010
21,NORMAL,RATICATE,20,V0020_POKEMON_RATICATE_NORMAL,161,0.2,139,0.07,146,989,1483,1730,1,#a47329,#c59439,#101010
22,,RATICATE,20,V0020_POKEMON_RATICATE,161,0.2,139,0.07,146,989,1483,1730,1,#a47329,#c59439,#101010
23,ALOLA,RATICATE,20,V0020_POKEMON_RATICATE_ALOLA,135,0.2,154,0.07,181,974,1461,1705,1,#a47329,#c59439,#101010
24,,SPEAROW,21,V0021_POKEMON_SPEAROW,112,0.5,60,0.15,120,456,684,798,1,#ee524a,#9c5218,#ac414a
25,,FEAROW,22,V0022_POKEMON_FEAROW,182,0.2,133,0.07,163,1141,1711,1997,1,#b47320,#8b5231,#d5a45a
26,,EKANS,23,V0023_POKEMON_EKANS,110,0.5,97,0.15,111,529,795,927,1,#cd62b4,#a44a8b,#eea4d5
27,,ARBOK,24,V0024_POKEMON_ARBOK,167,0.2,153,0.07,155,1097,1646,1921,1,#a483c5,#7b62ac,#101010
28,,PIKACHU,25,V0025_POKEMON_PIKACHU,112,0.2,96,0.1,111,536,804,938,1,#f6e652,#f6bd20,#623108
29,NORMAL,RAICHU,26,V0026_POKEMON_RAICHU_NORMAL,193,0.1,151,0.06,155,1247,1870,2182,1,#f6ac29,#ffeed5,#de7b31
30,ALOLA,RAICHU,26,V0026_POKEMON_RAICHU_ALOLA,201,0.1,154,0.06,155,1306,1960,2286,1,#f6ac29,#ffeed5,#de7b31
31,,RAICHU,26,V0026_POKEMON_RAICHU,193,0.1,151,0.06,155,1247,1870,2182,1,#f6ac29,#ffeed5,#de7b31
32,NORMAL,SANDSHREW,27,V0027_POKEMON_SANDSHREW_NORMAL,126,0.5,120,0.1,137,720,1081,1261,1,#101010,#eede10,#b48310
33,,SANDSHREW,27,V0027_POKEMON_SANDSHREW,126,0.5,120,0.1,137,720,1081,1261,1,#101010,#eede10,#b48310
34,ALOLA,SANDSHREW,27,V0027_POKEMON_SANDSHREW_ALOLA,125,0.5,129,0.1,137,739,1108,1293,1,#101010,#eede10,#b48310
35,NORMAL,SANDSLASH,28,V0028_POKEMON_SANDSLASH_NORMAL,182,0.2,175,0.06,181,1356,2035,2374,1,#8b6218,#101010,#f6d520
36,,SANDSLASH,28,V0028_POKEMON_SANDSLASH,182,0.2,175,0.06,181,1356,2035,2374,1,#8b6218,#101010,#f6d520
37,ALOLA,SANDSLASH,28,V0028_POKEMON_SANDSLASH_ALOLA,177,0.2,195,0.06,181,1390,2085,2432,1,#8b6218,#101010,#f6d520
38,,NIDORAN_FEMALE,29,V0029_POKEMON_NIDORAN,86,0.5,89,0.15,146,466,699,816,1,#d5d5ff,#acaccd,#414183
39,,NIDORINA,30,V0030_POKEMON_NIDORINA,117,0.25,120,0.07,172,748,1122,1309,1,#8bc5cd,#c5e6ee,#5a94b4
40,,NIDOQUEEN,31,V0031_POKEMON_NIDOQUEEN,180,0.125,173,0.05,207,1421,2132,2488,1,#628bac,#5ab4cd,#314a4a
41,,NIDORAN_MALE,32,V0032_POKEMON_NIDORAN,105,0.5,76,0.15,130,491,737,860,1,#bd62c5,#e69cd5,#62416a
42,,NIDORINO,33,V0033_POKEMON_NIDORINO,137,0.25,111,0.07,156,796,1194,1393,1,#945ab4,#cd83de,#5a3962
43,,NIDOKING,34,V0034_POKEMON_NIDOKING,204,0.125,156,0.05,191,1466,2200,2567,1,#a45294,#d573ee,#101010
44,,CLEFAIRY,35,V0035_POKEMON_CLEFAIRY,107,0.3,108,0.1,172,660,990,1155,1,#ffd5bd,#ffacac,#9c5252
45,,CLEFABLE,36,V0036_POKEMON_CLEFABLE,178,0.1,162,0.06,216,1392,2089,2437,1,#ffc5b4,#ee9494,#101010
46,,VULPIX,37,V0037_POKEMON_VULPIX,96,0.3,109,0.1,116,504,757,883,1,#e6946a,#bd4a29,#bd735a
47,ALOLA,VULPIX,37,V0037_POKEMON_VULPIX_ALOLA,96,0.3,109,0.1,116,504,757,883,1,#e6946a,#bd4a29,#bd735a
48,NORMAL,VULPIX,37,V0037_POKEMON_VULPIX_NORMAL,96,0.3,109,0.1,116,504,757,883,1,#e6946a,#bd4a29,#bd735a
49,ALOLA,NINETALES,38,V0038_POKEMON_NINETALES_ALOLA,170,0.1,193,0.06,177,1319,1979,2309,1,#e6c552,#f6e67b,#836218
50,NORMAL,NINETALES,38,V0038_POKEMON_NINETALES_NORMAL,169,0.1,190,0.06,177,1302,1954,2279,1,#e6c552,#f6e67b,#836218
51,,NINETALES,38,V0038_POKEMON_NINETALES,169,0.1,190,0.06,177,1302,1954,2279,1,#e6c552,#f6e67b,#836218
52,,JIGGLYPUFF,39,V0039_POKEMON_JIGGLYPUFF,80,0.5,41,0.1,251,413,620,724,1,#ffaca4,#e67383,#101010
53,,WIGGLYTUFF,40,V0040_POKEMON_WIGGLYTUFF,156,0.2,90,0.06,295,1101,1651,1926,1,#ffffff,#ffacbd,#101010
54,,ZUBAT,41,V0041_POKEMON_ZUBAT,83,0.5,73,0.2,120,381,571,667,1,#8bb4ee,#627bb4,#4a417b
55,,GOLBAT,42,V0042_POKEMON_GOLBAT,161,0.2,150,0.07,181,1129,1694,1976,1,#ac52ac,#cd6ab4,#5aacee
56,,ODDISH,43,V0043_POKEMON_ODDISH,131,0.6,112,0.15,128,702,1053,1228,1,#8bac31,#9cd54a,#4a5a20
57,,GLOOM,44,V0044_POKEMON_GLOOM,153,0.3,136,0.07,155,960,1441,1681,1,#4a6a7b,#101010,#7b83a4
58,,VILEPLUME,45,V0045_POKEMON_VILEPLUME,202,0.15,167,0.05,181,1462,2194,2559,1,#de4a5a,#f68b8b,#394162
59,,PARAS,46,V0046_POKEMON_PARAS,121,0.4,99,0.15,111,581,872,1018,1,#ffac62,#e68329,#b46220
60,,PARASECT,47,V0047_POKEMON_PARASECT,165,0.2,146,0.07,155,1062,1594,1859,1,#ee3131,#b44139,#bd3141
61,,VENONAT,48,V0048_POKEMON_VENONAT,100,0.5,100,0.15,155,573,860,1004,1,#8b6aa4,#624a7b,#a48bbd
62,,VENOMOTH,49,V0049_POKEMON_VENOMOTH,179,0.2,143,0.07,172,1190,1785,2082,1,#f6deff,#9c8bbd,#eec5ff
63,NORMAL,DIGLETT,50,V0050_POKEMON_DIGLETT_NORMAL,109,0.5,78,0.1,67,386,579,676,1,#b4ac73,#c57341,#a45a5a
64,,DIGLETT,50,V0050_POKEMON_DIGLETT,109,0.5,78,0.1,67,386,579,676,1,#b4ac73,#c57341,#a45a5a
65,ALOLA,DIGLETT,50,V0050_POKEMON_DIGLETT_ALOLA,108,0.5,81,0.1,67,389,584,681,1,#b4ac73,#c57341,#a45a5a
66,NORMAL,DUGTRIO,51,V0051_POKEMON_DUGTRIO_NORMAL,167,0.2,136,0.06,111,895,1344,1567,1,#c57341,#a45a5a,#b4ac73
67,ALOLA,DUGTRIO,51,V0051_POKEMON_DUGTRIO_ALOLA,201,0.2,142,0.06,111,1084,1626,1897,1,#c57341,#a45a5a,#b4ac73
68,,DUGTRIO,51,V0051_POKEMON_DUGTRIO,167,0.2,134,0.06,111,889,1335,1557,1,#c57341,#a45a5a,#b4ac73
69,NORMAL,MEOWTH,52,V0052_POKEMON_MEOWTH_NORMAL,92,0.5,78,0.15,120,427,641,748,1,#101010,#ffe683,#debd39
70,ALOLA,MEOWTH,52,V0052_POKEMON_MEOWTH_ALOLA,99,0.5,78,0.15,120,455,683,797,1,#101010,#ffe683,#debd39
71,,MEOWTH,52,V0052_POKEMON_MEOWTH,92,0.5,78,0.15,120,427,641,748,1,#101010,#ffe683,#debd39
72,NORMAL,PERSIAN,53,V0053_POKEMON_PERSIAN_NORMAL,150,0.2,136,0.07,163,965,1448,1689,1,#deb46a,#ffe683,#101010
73,ALOLA,PERSIAN,53,V0053_POKEMON_PERSIAN_ALOLA,158,0.2,136,0.07,163,1012,1518,1771,1,#deb46a,#ffe683,#101010
74,,PERSIAN,53,V0053_POKEMON_PERSIAN,150,0.2,136,0.07,163,965,1448,1689,1,#deb46a,#ffe683,#101010
75,,PSYDUCK,54,V0054_POKEMON_PSYDUCK,122,0.5,95,0.1,137,632,948,1106,1,#ffd54a,#e6a452,#101010
76,,GOLDUCK,55,V0055_POKEMON_GOLDUCK,191,0.2,162,0.06,190,1400,2100,2450,1,#8bacd5,#7b7bb4,#31526a
77,,MANKEY,56,V0056_POKEMON_MANKEY,148,0.5,82,0.1,120,665,998,1164,1,#d5ac9c,#f6deb4,#101010
78,,PRIMEAPE,57,V0057_POKEMON_PRIMEAPE,207,0.2,138,0.06,163,1307,1961,2288,1,#e6bd9c,#ffe6b4,#9c6a6a
79,,GROWLITHE,58,V0058_POKEMON_GROWLITHE,136,0.3,93,0.1,146,710,1066,1243,1,#c55252,#fff6a4,#101010
80,,ARCANINE,59,V0059_POKEMON_ARCANINE,227,0.1,166,0.06,207,1731,2597,3029,1,#d5a48b,#ffdeac,#101010
81,,POLIWAG,60,V0060_POKEMON_POLIWAG,101,0.5,82,0.15,120,473,710,829,1,#101010,#5283c5,#ffffff
82,,POLIWHIRL,61,V0061_POKEMON_POLIWHIRL,130,0.25,123,0.07,163,811,1216,1419,1,#ffffff,#5283c5,#101010
83,,POLIWRATH,62,V0062_POKEMON_POLIWRATH,182,0.125,184,0.05,207,1477,2216,2586,1,#395a83,#101010,#5283c5
84,,ABRA,63,V0063_POKEMON_ABRA,195,0.5,82,0.99,93,767,1150,1342,1,#ffe629,#cdbd20,#101010
85,,KADABRA,64,V0064_POKEMON_KADABRA,232,0.25,117,0.07,120,1176,1765,2059,1,#d5bd08,#ffee29,#101010
86,,ALAKAZAM,65,V0065_POKEMON_ALAKAZAM,271,0.1,167,0.05,146,1747,2621,3057,1,#101010,#ffee18,#cdb410
87,,MACHOP,66,V0066_POKEMON_MACHOP,137,0.5,82,0.1,172,730,1096,1278,1,#94bdbd,#73a4a4,#5a7b6a
88,,MACHOKE,67,V0067_POKEMON_MACHOKE,177,0.25,125,0.07,190,1160,1741,2031,1,#bd9ce6,#8b73b4,#624a83
89,,MACHAMP,68,V0068_POKEMON_MACHAMP,234,0.1,159,0.05,207,1746,2620,3056,1,#838b94,#a4b4b4,#415262
90,,BELLSPROUT,69,V0069_POKEMON_BELLSPROUT,139,0.5,61,0.15,137,590,886,1033,1,#d5bd62,#62a441,#f6e673
91,,WEEPINBELL,70,V0070_POKEMON_WEEPINBELL,172,0.25,92,0.07,163,921,1381,1611,1,#6ac552,#d5c552,#ffe66a
92,,VICTREEBEL,71,V0071_POKEMON_VICTREEBEL,207,0.125,135,0.05,190,1389,2084,2431,1,#4aa47b,#8bc57b,#debd52
93,,TENTACOOL,72,V0072_POKEMON_TENTACOOL,97,0.5,149,0.15,120,594,892,1040,1,#6ab4e6,#4194ac,#b42920
94,,TENTACRUEL,73,V0073_POKEMON_TENTACRUEL,166,0.2,209,0.07,190,1384,2076,2422,1,#101010,#6ab4e6,#736a7b
95,,GEODUDE,74,V0074_POKEMON_GEODUDE,132,0.5,132,0.1,120,739,1108,1293,1,#9c9483,#b4b49c,#413931
96,NORMAL,GEODUDE,74,V0074_POKEMON_GEODUDE_NORMAL,132,0.5,132,0.1,120,739,1108,1293,1,#9c9483,#b4b49c,#413931
97,ALOLA,GEODUDE,74,V0074_POKEMON_GEODUDE_ALOLA,132,0.5,132,0.1,120,739,1108,1293,1,#9c9483,#b4b49c,#413931
98,ALOLA,GRAVELER,75,V0075_POKEMON_GRAVELER_ALOLA,164,0.25,164,0.07,146,1084,1626,1897,1,#b4b49c,#948b7b,#4a4131
99,,GRAVELER,75,V0075_POKEMON_GRAVELER,164,0.25,164,0.07,146,1084,1626,1897,1,#b4b49c,#948b7b,#4a4131
100,NORMAL,GRAVELER,75,V0075_POKEMON_GRAVELER_NORMAL,164,0.25,164,0.07,146,1084,1626,1897,1,#b4b49c,#948b7b,#4a4131
101,NORMAL,GOLEM,76,V0076_POKEMON_GOLEM_NORMAL,211,0.125,198,0.05,190,1685,2528,2949,1,#101010,#9c8b52,#626a20
102,ALOLA,GOLEM,76,V0076_POKEMON_GOLEM_ALOLA,211,0.125,198,0.05,190,1685,2528,2949,1,#101010,#9c8b52,#626a20
103,,GOLEM,76,V0076_POKEMON_GOLEM,211,0.125,198,0.05,190,1685,2528,2949,1,#101010,#9c8b52,#626a20
104,,PONYTA,77,V0077_POKEMON_PONYTA,170,0.4,127,0.1,137,969,1455,1697,1,#e65a29,#ffeecd,#e6cd8b
105,,RAPIDASH,78,V0078_POKEMON_RAPIDASH,207,0.15,162,0.06,163,1406,2109,2461,1,#ff9c18,#eec58b,#de1010
106,,SLOWPOKE,79,V0079_POKEMON_SLOWPOKE,109,0.5,98,0.1,207,700,1051,1226,1,#de627b,#ff8394,#101010
107,,SLOWBRO,80,V0080_POKEMON_SLOWBRO,177,0.2,180,0.06,216,1454,2181,2545,1,#e66a7b,#181818,#ff9494
108,,MAGNEMITE,81,V0081_POKEMON_MAGNEMITE,165,0.5,121,0.1,93,778,1167,1362,1,#8bb4a4,#524a4a,#101010
109,,MAGNETON,82,V0082_POKEMON_MAGNETON,223,0.2,169,0.06,137,1420,2130,2485,1,#393131,#101010,#8bb4a4
110,,FARFETCHD,83,V0083_POKEMON_FARFETCHD,124,0.3,115,0.09,141,706,1059,1236,1,#101010,#e6e6a4,#c5cd83
111,,DODUO,84,V0084_POKEMON_DODUO,158,0.5,83,0.1,111,686,1029,1200,1,#946a5a,#bd8b52,#101010
112,,DODRIO,85,V0085_POKEMON_DODRIO,218,0.2,140,0.06,155,1349,2024,2362,1,#a47b5a,#cd9c52,#414141
113,,SEEL,86,V0086_POKEMON_SEEL,85,0.5,121,0.09,163,555,833,971,1,#d5cdee,#e6e6f6,#949cb4
114,,DEWGONG,87,V0087_POKEMON_DEWGONG,139,0.2,177,0.06,207,1134,1702,1985,1,#e6e6f6,#d5cdee,#101010
115,NORMAL,GRIMER,88,V0088_POKEMON_GRIMER_NORMAL,135,0.5,90,0.1,190,785,1178,1374,1,#944a9c,#bd7bbd,#cd8bc5
116,,GRIMER,88,V0088_POKEMON_GRIMER,135,0.5,90,0.1,190,785,1178,1374,1,#944a9c,#bd7bbd,#cd8bc5
117,ALOLA,GRIMER,88,V0088_POKEMON_GRIMER_ALOLA,135,0.5,90,0.1,190,785,1178,1374,1,#944a9c,#bd7bbd,#cd8bc5
118,NORMAL,MUK,89,V0089_POKEMON_MUK_NORMAL,190,0.2,172,0.06,233,1575,2363,2757,1,#bd7bbd,#944a9c,#cd8bc5
119,ALOLA,MUK,89,V0089_POKEMON_MUK_ALOLA,190,0.2,172,0.06,233,1575,2363,2757,1,#bd7bbd,#944a9c,#cd8bc5
120,,MUK,89,V0089_POKEMON_MUK,190,0.2,172,0.06,233,1575,2363,2757,1,#bd7bbd,#944a9c,#cd8bc5
121,,SHELLDER,90,V0090_POKEMON_SHELLDER,116,0.5,134,0.1,102,617,926,1080,1,#9c8bc5,#101010,#735a8b
122,,CLOYSTER,91,V0091_POKEMON_CLOYSTER,186,0.2,256,0.06,137,1455,2184,2547,1,#7b5283,#ac7bbd,#101010
123,,GASTLY,92,V0092_POKEMON_GASTLY,186,0.4,67,0.1,102,702,1054,1229,1,#d5accd,#8b6283,#bd94b4
124,,HAUNTER,93,V0093_POKEMON_HAUNTER,223,0.2,107,0.07,128,1121,1683,1963,1,#835a6a,#ac6acd,#524162
125,,GENGAR,94,V0094_POKEMON_GENGAR,261,0.1,149,0.05,155,1644,2467,2878,1,#9473b4,#5a4a9c,#b48bbd
126,,ONIX,95,V0095_POKEMON_ONIX,85,0.2,232,0.09,111,629,944,1101,1,#837b7b,#524a4a,#bdb4b4
127,,DROWZEE,96,V0096_POKEMON_DROWZEE,89,0.5,136,0.1,155,594,892,1040,1,#d5b44a,#835a41,#a4835a
128,,HYPNO,97,V0097_POKEMON_HYPNO,144,0.2,193,0.06,198,1194,1791,2090,1,#debd41,#b49420,#5a4129
129,,KRABBY,98,V0098_POKEMON_KRABBY,181,0.5,124,0.15,102,892,1338,1561,1,#de524a,#101010,#ff7331
130,,KINGLER,99,V0099_POKEMON_KINGLER,240,0.2,181,0.07,146,1616,2425,2829,1,#c56a5a,#ee8b4a,#eebd8b
131,,VOLTORB,100,V0100_POKEMON_VOLTORB,109,0.5,111,0.1,120,577,865,1010,1,#ff5220,#b4acbd,#101010
132,,ELECTRODE,101,V0101_POKEMON_ELECTRODE,173,0.2,173,0.06,155,1199,1799,2099,1,#eeeeee,#c52941,#cdcdde
133,,EXEGGCUTE,102,V0102_POKEMON_EXEGGCUTE,107,0.5,125,0.1,155,671,1007,1175,1,#ffd5ac,#ee8362,#943131
134,ALOLA,EXEGGUTOR,103,V0103_POKEMON_EXEGGUTOR_ALOLA,230,0.2,153,0.06,216,1722,2584,3014,1,#101010,#73ac31,#8b7341
135,NORMAL,EXEGGUTOR,103,V0103_POKEMON_EXEGGUTOR_NORMAL,233,0.2,149,0.06,216,1722,2584,3014,1,#101010,#73ac31,#8b7341
136,,EXEGGUTOR,103,V0103_POKEMON_EXEGGUTOR,233,0.2,149,0.06,216,1722,2584,3014,1,#101010,#73ac31,#8b7341
137,,CUBONE,104,V0104_POKEMON_CUBONE,90,0.4,144,0.1,137,582,873,1019,1,#946a5a,#101010,#ffffff
138,ALOLA,MAROWAK,105,V0105_POKEMON_MAROWAK_ALOLA,144,0.15,186,0.06,155,1048,1573,1835,1,#946a52,#e6e6e6,#ffffff
139,NORMAL,MAROWAK,105,V0105_POKEMON_MAROWAK_NORMAL,144,0.15,186,0.06,155,1048,1573,1835,1,#946a52,#e6e6e6,#ffffff
140,,MAROWAK,105,V0105_POKEMON_MAROWAK,144,0.15,186,0.06,155,1048,1573,1835,1,#946a52,#e6e6e6,#ffffff
141,,HITMONLEE,106,V0106_POKEMON_HITMONLEE,224,0.2,181,0.09,137,1472,2208,2576,1,#cda483,#a47b73,#292929
142,,HITMONCHAN,107,V0107_POKEMON_HITMONCHAN,193,0.2,197,0.09,137,1332,1999,2332,1,#101010,#cdb47b,#a48b73
143,,LICKITUNG,108,V0108_POKEMON_LICKITUNG,108,0.2,137,0.09,207,806,1209,1411,1,#ee736a,#ffa49c,#101010
144,,KOFFING,109,V0109_POKEMON_KOFFING,119,0.5,141,0.1,120,694,1041,1214,1,#eed56a,#f6ee94,#bd7bb4
145,,WEEZING,110,V0110_POKEMON_WEEZING,174,0.2,197,0.06,163,1310,1965,2293,1,#bd8bcd,#eed56a,#f6ee94
146,,RHYHORN,111,V0111_POKEMON_RHYHORN,140,0.5,127,0.1,190,943,1415,1651,1,#8383ac,#bdbdcd,#101010
147,,RHYDON,112,V0112_POKEMON_RHYDON,222,0.05,171,0.06,233,1816,2725,3179,1,#8b8b94,#c5c5bd,#101010
148,,CHANSEY,113,V0113_POKEMON_CHANSEY,60,0.2,128,0.09,487,717,1075,1255,1,#ffd5d5,#ffacac,#101010
149,,TANGELA,114,V0114_POKEMON_TANGELA,183,0.4,169,0.09,163,1278,1918,2238,1,#417b94,#101010,#204152
150,,KANGASKHAN,115,V0115_POKEMON_KANGASKHAN,181,0.2,165,0.09,233,1477,2217,2586,1,#9c7b73,#c5a47b,#524110
151,,HORSEA,116,V0116_POKEMON_HORSEA,129,0.5,103,0.1,102,603,905,1056,1,#6a94b4,#a4c5ee,#395262
152,,SEADRA,117,V0117_POKEMON_SEADRA,187,0.2,156,0.06,146,1196,1794,2093,1,#6a839c,#101010,#83accd
153,,GOLDEEN,118,V0118_POKEMON_GOLDEEN,123,0.5,110,0.15,128,658,987,1152,1,#ffffff,#d5d5de,#d54110
154,,SEAKING,119,V0119_POKEMON_SEAKING,175,0.2,147,0.07,190,1235,1853,2162,1,#f6f6ff,#dedee6,#101010
155,,STARYU,120,V0120_POKEMON_STARYU,137,0.5,112,0.15,102,661,991,1157,1,#9c6a39,#cd9429,#d59c52
156,,STARMIE,121,V0121_POKEMON_STARMIE,210,0.2,184,0.06,155,1476,2215,2584,1,#5a529c,#8b73bd,#313973
157,,MR_MIME,122,V0122_POKEMON_MR_MIME,192,0.3,205,0.09,120,1273,1909,2228,1,#101010,#104a73,#cdcdd5
158,,SCYTHER,123,V0123_POKEMON_SCYTHER,218,0.3,170,0.09,172,1546,2320,2706,1,#8bcd73,#101010,#e6d5ac
159,,JYNX,124,V0124_POKEMON_JYNX,223,0.3,151,0.09,163,1460,2190,2555,1,#f6315a,#181810,#bd3162
160,,ELECTABUZZ,125,V0125_POKEMON_ELECTABUZZ,198,0.2,158,0.09,163,1333,2001,2334,1,#c5a410,#ffe639,#101010
161,,MAGMAR,126,V0126_POKEMON_MAGMAR,206,0.2,154,0.09,163,1367,2052,2394,1,#ff4a31,#cd1041,#ffee4a
162,,PINSIR,127,V0127_POKEMON_PINSIR,238,0.3,182,0.09,163,1690,2536,2959,1,#c5ac8b,#836a52,#eee6cd
163,,TAUROS,128,V0128_POKEMON_TAUROS,198,0.3,183,0.09,181,1497,2246,2620,1,#dea44a,#b48331,#624a31
164,,MAGIKARP,129,V0129_POKEMON_MAGIKARP,29,0.7,85,0.15,85,157,235,274,1,#f66218,#ffffff,#bd4141
165,,GYARADOS,130,V0130_POKEMON_GYARADOS,237,0.1,186,0.07,216,1937,2907,3391,1,#208bac,#181818,#41b4ee
166,,LAPRAS,131,V0131_POKEMON_LAPRAS,165,0.05,174,0.09,277,1509,2263,2641,1,#397ba4,#dec583,#41a4e6
167,,DITTO,132,V0132_POKEMON_DITTO,91,0.2,91,0.1,134,475,713,832,1,#c57be6,#9c5ab4,#5a1894
168,,EEVEE,133,V0133_POKEMON_EEVEE,104,0.4,114,0.1,146,612,918,1071,1,#a4624a,#d59c4a,#e6c594
169,,VAPOREON,134,V0134_POKEMON_VAPOREON,205,0.125,161,0.06,277,1779,2670,3114,1,#5ac5e6,#101010,#104a62
170,,JOLTEON,135,V0135_POKEMON_JOLTEON,232,0.125,182,0.06,163,1650,2476,2888,1,#ffde52,#cdac4a,#c5c5c5
171,,FLAREON,136,V0136_POKEMON_FLAREON,246,0.125,179,0.06,163,1730,2596,3029,1,#ffeea4,#c5a46a,#d54152
172,,PORYGON,137,V0137_POKEMON_PORYGON,153,0.4,136,0.09,163,982,1474,1720,1,#0883a4,#c5395a,#8bd5ee
173,,OMANYTE,138,V0138_POKEMON_OMANYTE,155,0.4,153,0.09,111,882,1324,1544,1,#9c836a,#c5ac73,#e6de83
174,,OMASTAR,139,V0139_POKEMON_OMASTAR,207,0.15,201,0.05,172,1592,2388,2786,1,#399ccd,#9c836a,#c5ac73
175,,KABUTO,140,V0140_POKEMON_KABUTO,148,0.4,140,0.09,102,783,1175,1370,1,#c58329,#a46a29,#7b5229
176,,KABUTOPS,141,V0141_POKEMON_KABUTOPS,220,0.15,186,0.05,155,1550,2325,2713,1,#bd8b41,#b4ac9c,#946a31
177,,AERODACTYL,142,V0142_POKEMON_AERODACTYL,221,0.2,159,0.09,190,1590,2386,2783,1,#9483a4,#acacd5,#735294
178,,SNORLAX,143,V0143_POKEMON_SNORLAX,190,0.05,169,0.09,330,1843,2765,3225,1,#f6e6bd,#e6c5ac,#315a7b
179,,ARTICUNO,144,V0144_POKEMON_ARTICUNO,192,0.03,236,0.1,207,1743,2616,3051,1,#6aacf6,#94c5ff,#4a83d5
180,,ZAPDOS,145,V0145_POKEMON_ZAPDOS,253,0.03,185,0.1,207,2015,3023,3527,1,#d5ac08,#ffd541,#101010
181,,MOLTRES,146,V0146_POKEMON_MOLTRES,251,0.03,181,0.1,207,1980,2970,3465,1,#ee6239,#d50808,#ffc54a
182,,DRATINI,147,V0147_POKEMON_DRATINI,119,0.4,91,0.09,121,574,861,1004,1,#ffffff,#7383d5,#ded5de
183,,DRAGONAIR,148,V0148_POKEMON_DRAGONAIR,163,0.1,135,0.06,156,1017,1526,1780,1,#5a8bee,#ded5de,#ffffff
184,,DRAGONITE,149,V0149_POKEMON_DRAGONITE,263,0.05,198,0.05,209,2167,3251,3792,1,#de7339,#ee9c39,#ffeebd
185,,MEWTWO,150,V0150_POKEMON_MEWTWO,300,0.06,182,0.1,214,2387,3582,4178,1,#ded5e6,#837b9c,#6a319c
186,,MEW,151,V0151_POKEMON_MEW,210,100.0,210,0.0,225,1865,2799,3265,1,#ffb4d5,#5a2952,#ee83b4
187,,CHIKORITA,152,V0152_POKEMON_CHIKORITA,92,0.2,122,0.1,128,534,801,935,2,#d5f68b,#83e631,#6ab429
188,,BAYLEEF,153,V0153_POKEMON_BAYLEEF,122,0.125,155,0.07,155,831,1246,1454,2,#f6e64a,#debd29,#8bbd31
189,,MEGANIUM,154,V0154_POKEMON_MEGANIUM,168,0.05,202,0.05,190,1377,2066,2410,2,#9ce652,#ff395a,#62bd41
190,,CYNDAQUIL,155,V0155_POKEMON_CYNDAQUIL,116,0.2,93,0.1,118,560,840,980,2,#ffeea4,#39627b,#c5a46a
191,,QUILAVA,156,V0156_POKEMON_QUILAVA,158,0.125,126,0.07,151,944,1417,1653,2,#b49c52,#41528b,#294162
192,,TYPHLOSION,157,V0157_POKEMON_TYPHLOSION,223,0.05,173,0.05,186,1651,2476,2889,2,#ffee94,#d5c573,#415a94
193,,TOTODILE,158,V0158_POKEMON_TOTODILE,117,0.2,109,0.1,137,646,970,1131,2,#6ab4e6,#101010,#3183c5
194,,CROCONAW,159,V0159_POKEMON_CROCONAW,150,0.125,142,0.07,163,984,1476,1722,2,#5aace6,#3183c5,#ffe68b
195,,FERALIGATR,160,V0160_POKEMON_FERALIGATR,205,0.05,188,0.05,198,1632,2449,2857,2,#5ab4f6,#398bcd,#101010
196,,SENTRET,161,V0161_POKEMON_SENTRET,79,0.5,73,0.2,111,353,529,618,2,#bd835a,#4a3120,#101010
197,,FURRET,162,V0162_POKEMON_FURRET,148,0.15,125,0.07,198,1004,1506,1758,2,#ffee94,#9c624a,#e6c54a
198,,HOOTHOOT,163,V0163_POKEMON_HOOTHOOT,67,0.5,88,0.15,155,387,580,677,2,#101010,#bd8b41,#debd9c
199,,NOCTOWL,164,V0164_POKEMON_NOCTOWL,145,0.15,156,0.07,225,1156,1735,2024,2,#7b5a4a,#deb46a,#412920
200,,LEDYBA,165,V0165_POKEMON_LEDYBA,72,0.5,118,0.2,120,416,624,728,2,#101010,#ffe69c,#d5b47b
201,,LEDIAN,166,V0166_POKEMON_LEDIAN,107,0.15,179,0.07,146,769,1154,1346,2,#101010,#ff4a41,#c5395a
202,,SPINARAK,167,V0167_POKEMON_SPINARAK,105,0.5,73,0.2,120,466,700,816,2,#101010,#8be631,#52b46a
203,,ARIADOS,168,V0168_POKEMON_ARIADOS,161,0.15,124,0.07,172,1012,1519,1772,2,#c54141,#ffde41,#ff5a4a
204,,CROBAT,169,V0169_POKEMON_CROBAT,194,0.1,178,0.05,198,1512,2268,2646,2,#a45acd,#7b4a9c,#101010
205,,CHINCHOU,170,V0170_POKEMON_CHINCHOU,106,0.4,97,0.1,181,639,959,1119,2,#ffcd52,#5a73c5,#6aa4e6
206,,LANTURN,171,V0171_POKEMON_LANTURN,146,0.15,137,0.07,268,1191,1787,2085,2,#6294e6,#4a7bcd,#ffde62
207,,PICHU,172,V0172_POKEMON_PICHU,77,0.0,53,0.05,85,270,406,473,2,#f6e652,#202031,#c5ac10
208,,CLEFFA,173,V0173_POKEMON_CLEFFA,75,0.0,79,0.05,137,383,575,671,2,#ffa494,#ffc5ac,#101010
209,,IGGLYBUFF,174,V0174_POKEMON_IGGLYBUFF,69,0.0,32,0.05,207,306,459,535,2,#ffacbd,#e6839c,#9c1852
210,,TOGEPI,175,V0175_POKEMON_TOGEPI,67,0.0,116,0.05,111,375,564,657,2,#f6d5a4,#ffffff,#b4b4c5
211,,TOGETIC,176,V0176_POKEMON_TOGETIC,139,0.05,181,0.05,146,976,1464,1708,2,#ffffff,#737b83,#acc5bd
212,,NATU,177,V0177_POKEMON_NATU,134,0.4,89,0.15,120,630,945,1102,2,#73bd41,#292929,#94d541
213,,XATU,178,V0178_POKEMON_XATU,192,0.15,146,0.07,163,1250,1876,2188,2,#101010,#ffffff,#4a9441
214,,MAREEP,179,V0179_POKEMON_MAREEP,114,0.5,79,0.1,146,566,849,991,2,#ffe6bd,#cdb48b,#101010
215,,FLAAFFY,180,V0180_POKEMON_FLAAFFY,145,0.25,109,0.07,172,869,1304,1521,2,#ffa4a4,#ffffff,#ff7373
216,,AMPHAROS,181,V0181_POKEMON_AMPHAROS,211,0.125,169,0.05,207,1630,2445,2852,2,#ffee4a,#ffc510,#ffffff
217,,BELLOSSOM,182,V0182_POKEMON_BELLOSSOM,169,0.05,186,0.05,181,1303,1955,2281,2,#101010,#52cd31,#73ac31
218,,MARILL,183,V0183_POKEMON_MARILL,37,0.5,93,0.1,172,263,395,461,2,#5a9cee,#316aac,#101010
219,,AZUMARILL,184,V0184_POKEMON_AZUMARILL,112,0.15,152,0.07,225,907,1361,1588,2,#5a9cee,#101010,#316aac
220,,SUDOWOODO,185,V0185_POKEMON_SUDOWOODO,167,0.125,176,0.05,172,1227,1841,2148,2,#c5a44a,#101010,#8b7341
221,,POLITOED,186,V0186_POKEMON_POLITOED,174,0.1,179,0.05,207,1399,2099,2449,2,#8bcd18,#101010,#ffe66a
222,,HOPPIP,187,V0187_POKEMON_HOPPIP,67,0.5,94,0.12,111,342,514,600,2,#ff7b94,#9cde5a,#528339
223,,SKIPLOOM,188,V0188_POKEMON_SKIPLOOM,91,0.25,120,0.07,146,557,836,976,2,#62d531,#41b420,#8bf64a
224,,JUMPLUFF,189,V0189_POKEMON_JUMPLUFF,118,0.125,183,0.05,181,935,1402,1636,2,#739cff,#eee69c,#ffffde
225,,AIPOM,190,V0190_POKEMON_AIPOM,136,0.2,112,0.09,146,770,1156,1348,2,#8341ac,#bd7bde,#ffdea4
226,,SUNKERN,191,V0191_POKEMON_SUNKERN,55,0.5,55,0.09,102,226,339,395,2,#101010,#6a6231,#b4a431
227,,SUNFLORA,192,V0192_POKEMON_SUNFLORA,185,0.1,135,0.07,181,1223,1835,2141,2,#101010,#eecd08,#9cd54a
228,,YANMA,193,V0193_POKEMON_YANMA,154,0.3,94,0.1,163,840,1260,1470,2,#e6ffff,#94acbd,#ffbd9c
229,,WOOPER,194,V0194_POKEMON_WOOPER,75,0.4,66,0.1,146,366,550,641,2,#397bc5,#73bdff,#62396a
230,,QUAGSIRE,195,V0195_POKEMON_QUAGSIRE,152,0.15,143,0.07,216,1138,1708,1992,2,#629cbd,#83d5f6,#101010
231,,ESPEON,196,V0196_POKEMON_ESPEON,261,0.125,175,0.05,163,1811,2717,3170,2,#e6a4d5,#101010,#eebdee
232,,UMBREON,197,V0197_POKEMON_UMBREON,126,0.125,240,0.05,216,1221,1832,2137,2,#414152,#101010,#29314a
233,,MURKROW,198,V0198_POKEMON_MURKROW,175,0.2,87,0.1,155,892,1339,1562,2,#314162,#292941,#101010
234,,SLOWKING,199,V0199_POKEMON_SLOWKING,177,0.1,180,0.05,216,1454,2181,2545,2,#ee736a,#d5d5d5,#aca4a4
235,,MISDREAVUS,200,V0200_POKEMON_MISDREAVUS,167,0.3,154,0.07,155,1100,1651,1926,2,#314a62,#4a83a4,#101010
236,,UNOWN,201,V0201_POKEMON_UNOWN,136,0.3,91,0.1,134,677,1015,1185,2,#737373,#101010,#525252
237,,WOBBUFFET,202,V0202_POKEMON_WOBBUFFET,60,0.25,106,0.07,382,586,880,1026,2,#3194ee,#73bdf6,#101010
238,,GIRAFARIG,203,V0203_POKEMON_GIRAFARIG,182,0.3,133,0.07,172,1169,1754,2046,2,#eede52,#625252,#4a3939
239,,PINECO,204,V0204_POKEMON_PINECO,108,0.4,122,0.12,137,633,950,1108,2,#294a7b,#52acb4,#101010
240,,FORRETRESS,205,V0205_POKEMON_FORRETRESS,161,0.15,205,0.07,181,1304,1956,2282,2,#101010,#c5a4de,#837b9c
241,,DUNSPARCE,206,V0206_POKEMON_DUNSPARCE,131,0.3,128,0.2,225,965,1448,1689,2,#f6e67b,#318ba4,#101010
242,,GLIGAR,207,V0207_POKEMON_GLIGAR,143,0.2,184,0.07,163,1061,1592,1857,2,#ac6294,#de83b4,#e6a4cd
243,,STEELIX,208,V0208_POKEMON_STEELIX,148,0.1,272,0.05,181,1379,2069,2414,2,#4a628b,#7b94a4,#bdcdc5
244,,SNUBBULL,209,V0209_POKEMON_SNUBBULL,137,0.4,85,0.1,155,707,1061,1237,2,#ffacb4,#ee6a7b,#101010
245,,GRANBULL,210,V0210_POKEMON_GRANBULL,212,0.15,131,0.08,207,1458,2187,2552,2,#ac83ac,#d5acd5,#101010
246,,QWILFISH,211,V0211_POKEMON_QWILFISH,184,0.3,138,0.08,163,1172,1758,2051,2,#a4ac6a,#418394,#dede94
247,,SCIZOR,212,V0212_POKEMON_SCIZOR,236,0.05,181,0.05,172,1714,2572,3001,2,#a42929,#101010,#d53939
248,,SHUCKLE,213,V0213_POKEMON_SHUCKLE,17,0.3,396,0.07,85,231,347,405,2,#101010,#eec54a,#bd8b29
249,,HERACROSS,214,V0214_POKEMON_HERACROSS,234,0.3,179,0.09,190,1772,2658,3101,2,#6a94c5,#416294,#101010
250,,SNEASEL,215,V0215_POKEMON_SNEASEL,189,0.2,146,0.07,146,1172,1758,2051,2,#3994ac,#316273,#20315a
251,,TEDDIURSA,216,V0216_POKEMON_TEDDIURSA,142,0.5,93,0.2,155,759,1138,1328,2,#b46220,#ff8339,#101010
252,,URSARING,217,V0217_POKEMON_URSARING,236,0.15,144,0.07,207,1682,2524,2945,2,#945220,#624129,#bd7341
253,,SLUGMA,218,V0218_POKEMON_SLUGMA,118,0.3,71,0.1,120,511,767,895,2,#cd3918,#f66231,#101010
254,,MAGCARGO,219,V0219_POKEMON_MAGCARGO,139,0.125,191,0.06,137,972,1458,1702,2,#de5a20,#626262,#101010
255,,SWINUB,220,V0220_POKEMON_SWINUB,90,0.3,69,0.1,137,423,635,741,2,#cd9c7b,#9c7b6a,#734a31
256,,PILOSWINE,221,V0221_POKEMON_PILOSWINE,181,0.125,138,0.06,225,1340,2010,2345,2,#ac835a,#c59c73,#7b6252
257,,CORSOLA,222,V0222_POKEMON_CORSOLA,118,0.3,156,0.12,146,787,1181,1378,2,#ffa4c5,#e66294,#101010
258,,REMORAID,223,V0223_POKEMON_REMORAID,127,0.5,69,0.1,111,521,782,912,2,#b4ded5,#628ba4,#295a83
259,,OCTILLERY,224,V0224_POKEMON_OCTILLERY,197,0.15,141,0.07,181,1322,1984,2315,2,#a43110,#e65a4a,#101010
260,,DELIBIRD,225,V0225_POKEMON_DELIBIRD,128,0.2,90,0.2,128,625,938,1094,2,#ffffff,#101010,#f65a39
261,,MANTINE,226,V0226_POKEMON_MANTINE,148,0.3,226,0.07,163,1204,1807,2108,2,#ac9cc5,#decde6,#5a6ade
262,,SKARMORY,227,V0227_POKEMON_SKARMORY,148,0.2,226,0.09,163,1204,1807,2108,2,#101010,#9cb4d5,#7b94bd
263,,HOUNDOUR,228,V0228_POKEMON_HOUNDOUR,152,0.4,83,0.1,128,705,1058,1234,2,#292931,#4a4a52,#080808
264,,HOUNDOOM,229,V0229_POKEMON_HOUNDOOM,224,0.15,144,0.06,181,1505,2258,2635,2,#4a4a52,#313139,#a49cac
265,,KINGDRA,230,V0230_POKEMON_KINGDRA,194,0.1,194,0.05,181,1509,2264,2641,2,#629ccd,#101010,#acd5ff
266,,PHANPY,231,V0231_POKEMON_PHANPY,107,0.5,98,0.2,207,689,1034,1206,2,#acd5ee,#6a9ccd,#9cbdee
267,,DONPHAN,232,V0232_POKEMON_DONPHAN,214,0.125,185,0.07,207,1722,2583,3013,2,#4a5252,#101010,#d5ded5
268,,PORYGON2,233,V0233_POKEMON_PORYGON2,198,0.05,180,0.05,198,1549,2324,2711,2,#ee5a62,#94416a,#4a9cd5
269,,STANTLER,234,V0234_POKEMON_STANTLER,192,0.3,131,0.08,177,1236,1855,2164,2,#e6b45a,#ffd573,#101010
270,,SMEARGLE,235,V0235_POKEMON_SMEARGLE,40,0.25,83,0.07,146,246,369,431,2,#dedebd,#acac8b,#4a3910
271,,TYROGUE,236,V0236_POKEMON_TYROGUE,64,0.0,64,0.2,111,281,421,492,2,#eec5ff,#c59cbd,#83315a
272,,HITMONTOP,237,V0237_POKEMON_HITMONTOP,173,0.1,207,0.05,137,1232,1848,2156,2,#bda452,#e6cd7b,#101010
273,,SMOOCHUM,238,V0238_POKEMON_SMOOCHUM,153,0.0,91,0.2,128,738,1107,1291,2,#ffe652,#de4a7b,#decd31
274,,ELEKID,239,V0239_POKEMON_ELEKID,135,0.0,101,0.2,128,689,1034,1206,2,#ffcd31,#101010,#313131
275,,MAGBY,240,V0240_POKEMON_MAGBY,151,0.0,99,0.2,128,756,1134,1323,2,#d55239,#101010,#ff7b62
276,,MILTANK,241,V0241_POKEMON_MILTANK,157,0.2,193,0.08,216,1345,2018,2354,2,#d58b83,#f6b4a4,#313131
277,,BLISSEY,242,V0242_POKEMON_BLISSEY,129,0.05,169,0.05,496,1575,2364,2757,2,#ffacc5,#ded5d5,#de83a4
278,,RAIKOU,243,V0243_POKEMON_RAIKOU,241,0.02,195,0.04,207,1972,2959,3452,2,#ffcd41,#101010,#6a6a6a
279,,ENTEI,244,V0244_POKEMON_ENTEI,235,0.02,171,0.04,251,1984,2977,3473,2,#cda462,#101010,#d5d5d5
280,,SUICUNE,245,V0245_POKEMON_SUICUNE,180,0.02,235,0.04,225,1704,2557,2983,2,#7bbdff,#ac6ad5,#7b5ab4
281,,LARVITAR,246,V0246_POKEMON_LARVITAR,115,0.4,93,0.1,137,594,891,1040,2,#accd9c,#7b9c62,#101010
282,,PUPITAR,247,V0247_POKEMON_PUPITAR,155,0.1,133,0.07,172,1009,1514,1766,2,#739cc5,#8bc5ee,#101010
283,,TYRANITAR,248,V0248_POKEMON_TYRANITAR,251,0.05,207,0.04,225,2191,3287,3834,2,#accd9c,#739c62,#101010
284,,LUGIA,249,V0249_POKEMON_LUGIA,193,0.02,310,0.04,235,2115,3174,3703,2,#d5e6f6,#ffffff,#9cace6
285,,HO_OH,250,V0250_POKEMON_HO_OH,239,0.02,244,0.04,214,2207,3311,3863,2,#101010,#ff5a10,#bd4110
286,,CELEBI,251,V0251_POKEMON_CELEBI,210,100.0,210,0.0,225,1865,2799,3265,2,#ffffde,#101010,#73a431
287,,TREECKO,252,V0252_POKEMON_TREECKO,124,0.2,94,0.1,120,601,902,1053,3,#acde6a,#94b439,#527339
288,,GROVYLE,253,V0253_POKEMON_GROVYLE,172,0.1,120,0.07,137,956,1434,1673,3,#62ac4a,#8bcd7b,#52944a
289,,SCEPTILE,254,V0254_POKEMON_SCEPTILE,223,0.05,169,0.05,172,1575,2363,2757,3,#83cd6a,#419c41,#186229
290,,TORCHIC,255,V0255_POKEMON_TORCHIC,130,0.2,87,0.1,128,624,937,1093,3,#ff8b31,#e65a20,#f6de6a
291,,COMBUSKEN,256,V0256_POKEMON_COMBUSKEN,163,0.1,115,0.07,155,944,1416,1652,3,#eebd4a,#181818,#eede73
292,,BLAZIKEN,257,V0257_POKEMON_BLAZIKEN,240,0.05,141,0.05,190,1627,2441,2848,3,#bd4141,#dea452,#bdb494
293,,MUDKIP,258,V0258_POKEMON_MUDKIP,126,0.2,93,0.1,137,644,967,1128,3,#41a4de,#7bcdee,#9cbde6
294,,MARSHTOMP,259,V0259_POKEMON_MARSHTOMP,156,0.1,133,0.07,172,1015,1523,1776,3,#4ab4ac,#94d5d5,#529c9c
295,,SWAMPERT,260,V0260_POKEMON_SWAMPERT,208,0.05,175,0.05,225,1699,2549,2974,3,#524a52,#181818,#5a83c5
296,,POOCHYENA,261,V0261_POKEMON_POOCHYENA,96,0.5,61,0.2,111,387,581,678,3,#a4a4a4,#c5c5c5,#414141
297,,MIGHTYENA,262,V0262_POKEMON_MIGHTYENA,171,0.2,132,0.07,172,1100,1651,1926,3,#313131,#4a4a4a,#94949c
298,,ZIGZAGOON,263,V0263_POKEMON_ZIGZAGOON,58,0.5,80,0.2,116,290,435,508,3,#947b6a,#bdac9c,#b49c8b
299,,LINOONE,264,V0264_POKEMON_LINOONE,142,0.2,128,0.07,186,949,1425,1662,3,#decdbd,#ac9c8b,#836a5a
300,,WURMPLE,265,V0265_POKEMON_WURMPLE,75,0.5,59,0.2,128,330,495,578,3,#d52952,#f6626a,#832929
301,,SILCOON,266,V0266_POKEMON_SILCOON,60,0.25,77,0.09,137,316,474,553,3,#eeeee6,#c5cdde,#949c9c
302,,BEAUTIFLY,267,V0267_POKEMON_BEAUTIFLY,189,0.125,98,0.06,155,1009,1513,1765,3,#6a6262,#eeac5a,#393931
303,,CASCOON,268,V0268_POKEMON_CASCOON,60,0.25,77,0.09,137,316,474,553,3,#eed5ee,#debde6,#b49ccd
304,,DUSTOX,269,V0269_POKEMON_DUSTOX,98,0.125,162,0.06,155,699,1049,1224,3,#739452,#accd6a,#8bb45a
305,,LOTAD,270,V0270_POKEMON_LOTAD,71,0.5,77,0.2,120,342,513,598,3,#62b46a,#317b41,#3183a4
306,,LOMBRE,271,V0271_POKEMON_LOMBRE,112,0.25,119,0.09,155,684,1026,1197,3,#6a8b39,#8bac39,#7bbd9c
307,,LUDICOLO,272,V0272_POKEMON_LUDICOLO,173,0.125,176,0.06,190,1327,1991,2323,3,#9cc562,#bdac73,#73945a
308,,SEEDOT,273,V0273_POKEMON_SEEDOT,71,0.5,77,0.2,120,342,513,598,3,#7b736a,#83625a,#ffeebd
309,,NUZLEAF,274,V0274_POKEMON_NUZLEAF,134,0.25,78,0.09,172,701,1051,1227,3,#947362,#bda483,#f6eec5
310,,SHIFTRY,275,V0275_POKEMON_SHIFTRY,200,0.125,121,0.06,207,1333,2000,2333,3,#9c6a4a,#bdb4cd,#e6deff
311,,TAILLOW,276,V0276_POKEMON_TAILLOW,106,0.5,61,0.2,120,437,656,765,3,#314a7b,#101010,#5a6a9c
312,,SWELLOW,277,V0277_POKEMON_SWELLOW,185,0.2,124,0.07,155,1097,1645,1920,3,#294162,#101010,#415a7b
313,,WINGULL,278,V0278_POKEMON_WINGULL,106,0.5,61,0.2,120,437,656,765,3,#ffffff,#d5cde6,#525252
314,,PELIPPER,279,V0279_POKEMON_PELIPPER,175,0.2,174,0.07,155,1215,1823,2127,3,#ffde4a,#f6b431,#cdd5ee
315,,RALTS,280,V0280_POKEMON_RALTS,79,0.4,59,0.09,99,308,462,539,3,#101010,#73bd73,#cdcde6
316,,KIRLIA,281,V0281_POKEMON_KIRLIA,117,0.1,90,0.06,116,552,828,966,3,#101010,#ffffff,#73bd73
317,,GARDEVOIR,282,V0282_POKEMON_GARDEVOIR,237,0.05,195,0.05,169,1767,2652,3093,3,#eeeeff,#cdcde6,#317b41
318,,SURSKIT,283,V0283_POKEMON_SURSKIT,93,0.5,87,0.2,120,452,678,791,3,#83c5e6,#31a4d5,#20528b
319,,MASQUERAIN,284,V0284_POKEMON_MASQUERAIN,192,0.2,150,0.07,172,1297,1946,2270,3,#c5cde6,#fffff6,#e66a29
320,,SHROOMISH,285,V0285_POKEMON_SHROOMISH,74,0.5,110,0.2,155,463,694,810,3,#eed5b4,#c5a483,#5a4a41
321,,BRELOOM,286,V0286_POKEMON_BRELOOM,241,0.2,144,0.07,155,1502,2253,2628,3,#629452,#83b473,#b49c7b
322,,SLAKOTH,287,V0287_POKEMON_SLAKOTH,104,0.4,92,0.09,155,572,859,1002,3,#decdbd,#b49c7b,#523929
323,,VIGOROTH,288,V0288_POKEMON_VIGOROTH,159,0.1,145,0.06,190,1124,1687,1968,3,#d5d5d5,#ffffff,#101010
324,,SLAKING,289,V0289_POKEMON_SLAKING,290,0.05,166,0.05,284,2532,3798,4431,3,#a4836a,#bdb494,#101010
325,,NINCADA,290,V0290_POKEMON_NINCADA,80,0.2,126,0.1,104,439,658,768,3,#ffffee,#bdc5c5,#9c8373
326,,NINJASK,291,V0291_POKEMON_NINJASK,199,0.1,112,0.07,156,1125,1688,1969,3,#ffffff,#94949c,#acb4b4
327,,SHEDINJA,292,V0292_POKEMON_SHEDINJA,153,0.05,73,0.05,1,224,337,393,3,#b4945a,#101010,#deb473
328,,WHISMUR,293,V0293_POKEMON_WHISMUR,92,0.5,42,0.2,162,383,575,671,3,#eeace6,#d583cd,#ffcd41
329,,LOUDRED,294,V0294_POKEMON_LOUDRED,134,0.25,81,0.09,197,758,1138,1327,3,#736294,#8383bd,#b4ace6
330,,EXPLOUD,295,V0295_POKEMON_EXPLOUD,179,0.125,137,0.06,232,1341,2012,2347,3,#a4a4de,#7b73b4,#524a8b
331,,MAKUHITA,296,V0296_POKEMON_MAKUHITA,99,0.5,54,0.1,176,467,700,817,3,#ffde6a,#deb462,#101010
332,,HARIYAMA,297,V0297_POKEMON_HARIYAMA,209,0.2,114,0.06,302,1616,2425,2829,3,#b46a52,#39416a,#ffd57b
333,,AZURILL,298,V0298_POKEMON_AZURILL,36,0.1,71,0.04,137,208,312,364,3,#4a7be6,#6ab4ff,#101010
334,,NOSEPASS,299,V0299_POKEMON_NOSEPASS,82,0.2,215,0.09,102,567,851,993,3,#627bbd,#41529c,#31314a
335,,SKITTY,300,V0300_POKEMON_SKITTY,84,0.5,79,0.1,137,422,633,739,3,#d55a7b,#f69cb4,#101010
336,,DELCATTY,301,V0301_POKEMON_DELCATTY,132,0.2,127,0.06,172,854,1282,1496,3,#a473c5,#8352a4,#cd944a
337,,SABLEYE,302,V0302_POKEMON_SABLEYE,141,0.2,136,0.07,137,843,1265,1476,3,#5a4a94,#8b73d5,#393952
338,,MAWILE,303,V0303_POKEMON_MAWILE,155,0.5,141,0.09,137,934,1401,1634,3,#737373,#4a4a4a,#ffc55a
339,,ARON,304,V0304_POKEMON_ARON,121,0.5,141,0.2,137,747,1121,1307,3,#ffffff,#cdcdd5,#8b949c
340,,LAIRON,305,V0305_POKEMON_LAIRON,158,0.25,198,0.09,155,1174,1762,2056,3,#c5cdd5,#6a6a6a,#ffffff
341,,AGGRON,306,V0306_POKEMON_AGGRON,198,0.125,257,0.06,172,1714,2571,3000,3,#52524a,#6a6a6a,#cdcdcd
342,,MEDITITE,307,V0307_POKEMON_MEDITITE,78,0.5,107,0.1,102,396,594,693,3,#e6dede,#b4acac,#6acde6
343,,MEDICHAM,308,V0308_POKEMON_MEDICHAM,121,0.2,152,0.06,155,817,1226,1431,3,#101010,#e6738b,#83414a
344,,ELECTRIKE,309,V0309_POKEMON_ELECTRIKE,123,0.5,78,0.1,120,551,827,965,3,#629c62,#83d57b,#101010
345,,MANECTRIC,310,V0310_POKEMON_MANECTRIC,215,0.2,127,0.06,172,1337,2006,2340,3,#c5ac5a,#ffee62,#73b4d5
346,,PLUSLE,311,V0311_POKEMON_PLUSLE,167,0.3,129,0.09,155,1016,1524,1778,3,#de4a41,#ffeeb4,#101010
347,,MINUN,312,V0312_POKEMON_MINUN,147,0.3,150,0.09,155,968,1452,1694,3,#ffeeb4,#5a83ee,#101010
348,,VOLBEAT,313,V0313_POKEMON_VOLBEAT,143,0.3,166,0.09,163,1012,1518,1771,3,#101010,#4a4a52,#a4b4c5
349,,ILLUMISE,314,V0314_POKEMON_ILLUMISE,143,0.3,166,0.09,163,1012,1518,1771,3,#101010,#393939,#acc5ee
350,,ROSELIA,315,V0315_POKEMON_ROSELIA,186,0.3,131,0.09,137,1068,1603,1870,3,#73c55a,#395229,#295a94
351,,GULPIN,316,V0316_POKEMON_GULPIN,80,0.5,99,0.1,172,495,742,866,3,#a4de94,#73a462,#4a6a39
352,,SWALOT,317,V0317_POKEMON_SWALOT,140,0.2,159,0.06,225,1130,1695,1978,3,#ac83ee,#8b6acd,#c5a4ff
353,,CARVANHA,318,V0318_POKEMON_CARVANHA,171,0.5,39,0.1,128,583,875,1020,3,#101010,#eebd29,#cd9429
354,,SHARPEDO,319,V0319_POKEMON_SHARPEDO,243,0.2,83,0.06,172,1246,1869,2181,3,#395294,#5273bd,#101010
355,,WAILMER,320,V0320_POKEMON_WAILMER,136,0.5,68,0.1,277,838,1258,1468,3,#4a83b4,#eed5a4,#315a94
356,,WAILORD,321,V0321_POKEMON_WAILORD,175,0.2,87,0.06,347,1302,1954,2280,3,#eee6ff,#1052cd,#d5cdde
357,,NUMEL,322,V0322_POKEMON_NUMEL,119,0.5,79,0.1,155,604,906,1057,3,#deb44a,#f6de52,#181818
358,,CAMERUPT,323,V0323_POKEMON_CAMERUPT,194,0.2,136,0.06,172,1253,1880,2193,3,#ee6a4a,#c53920,#181818
359,,TORKOAL,324,V0324_POKEMON_TORKOAL,151,0.3,203,0.09,172,1196,1794,2093,3,#bdaca4,#eeded5,#d5cdc5
360,,SPOINK,325,V0325_POKEMON_SPOINK,125,0.5,122,0.1,155,762,1143,1334,3,#a4a4ac,#7b7b8b,#c5627b
361,,GRUMPIG,326,V0326_POKEMON_GRUMPIG,171,0.2,188,0.06,190,1354,2031,2369,3,#4a4a52,#e6a4de,#101010
362,,SPINDA,327,V0327_POKEMON_SPINDA,116,0.3,116,0.09,155,697,1046,1220,3,#e6d5a4,#101010,#cda473
363,,TRAPINCH,328,V0328_POKEMON_TRAPINCH,162,0.4,78,0.09,128,728,1092,1274,3,#ee7341,#c55a4a,#202020
364,,VIBRAVA,329,V0329_POKEMON_VIBRAVA,134,0.1,99,0.06,137,699,1050,1225,3,#6ac56a,#393941,#4a944a
365,,FLYGON,330,V0330_POKEMON_FLYGON,205,0.05,168,0.05,190,1520,2281,2661,3,#b4de73,#101010,#8ba452
366,,CACNEA,331,V0331_POKEMON_CACNEA,156,0.5,74,0.1,137,709,1064,1242,3,#101010,#bdde7b,#739c39
367,,CACTURNE,332,V0332_POKEMON_CACTURNE,221,0.2,115,0.06,172,1313,1970,2298,3,#a4d573,#7ba462,#101010
368,,SWABLU,333,V0333_POKEMON_SWABLU,76,0.5,132,0.1,128,470,706,824,3,#ffffff,#cdcde6,#7bcdff
369,,ALTARIA,334,V0334_POKEMON_ALTARIA,141,0.2,201,0.06,181,1145,1718,2004,3,#cdcde6,#ffffff,#109ccd
370,,ZANGOOSE,335,V0335_POKEMON_ZANGOOSE,222,0.3,124,0.09,177,1381,2072,2418,3,#cddef6,#ffffff,#101010
371,,SEVIPER,336,V0336_POKEMON_SEVIPER,196,0.3,118,0.09,177,1203,1805,2105,3,#394152,#4a526a,#deb420
372,,LUNATONE,337,V0337_POKEMON_LUNATONE,178,0.3,153,0.09,207,1330,1995,2327,3,#b4a452,#cdbd6a,#101010
373,,SOLROCK,338,V0338_POKEMON_SOLROCK,178,0.3,153,0.09,207,1330,1995,2327,3,#101010,#deb418,#624a18
374,,BARBOACH,339,V0339_POKEMON_BARBOACH,93,0.5,82,0.1,137,468,702,819,3,#31b4e6,#bdbdc5,#315a83
375,,WHISCASH,340,V0340_POKEMON_WHISCASH,151,0.2,141,0.06,242,1186,1779,2075,3,#394a9c,#73ace6,#c5a441
376,,CORPHISH,341,V0341_POKEMON_CORPHISH,141,0.5,99,0.1,125,703,1055,1230,3,#101010,#e65208,#cdb494
377,,CRAWDAUNT,342,V0342_POKEMON_CRAWDAUNT,224,0.2,142,0.06,160,1413,2120,2474,3,#cd3131,#ee5252,#b4aca4
378,,BALTOY,343,V0343_POKEMON_BALTOY,77,0.5,124,0.1,120,449,674,787,3,#c5c562,#101010,#838362
379,,CLAYDOL,344,V0344_POKEMON_CLAYDOL,140,0.2,229,0.06,155,1126,1690,1971,3,#4a4139,#736a6a,#101010
380,,LILEEP,345,V0345_POKEMON_LILEEP,105,0.5,150,0.1,165,738,1107,1291,3,#83395a,#eeacb4,#7362b4
381,,CRADILY,346,V0346_POKEMON_CRADILY,152,0.2,194,0.06,200,1263,1895,2211,3,#7bc573,#529c5a,#a4e68b
382,,ANORITH,347,V0347_POKEMON_ANORITH,176,0.5,100,0.1,128,874,1311,1529,3,#101010,#6a6a7b,#b4b4bd
383,,ARMALDO,348,V0348_POKEMON_ARMALDO,222,0.2,174,0.06,181,1627,2442,2848,3,#101010,#394152,#8b8bbd
384,,FEEBAS,349,V0349_POKEMON_FEEBAS,29,0.7,85,0.15,85,157,235,274,3,#d5cd83,#83a4c5,#947b62
385,,MILOTIC,350,V0350_POKEMON_MILOTIC,192,0.1,219,0.07,216,1717,2576,3005,3,#ffe6b4,#debd8b,#313131
386,,CASTFORM,351,V0351_POKEMON_CASTFORM,139,0.3,139,0.1,172,932,1399,1632,3,#e6dede,#cdbdbd,#ffffff
387,NORMAL,CASTFORM,351,V0351_POKEMON_CASTFORM_NORMAL,139,0.3,139,0.1,172,932,1399,1632,3,#e6dede,#cdbdbd,#ffffff
388,RAINY,CASTFORM,351,V0351_POKEMON_CASTFORM_RAINY,139,0.3,139,0.1,172,932,1399,1632,3,#e6dede,#cdbdbd,#ffffff
389,SUNNY,CASTFORM,351,V0351_POKEMON_CASTFORM_SUNNY,139,0.3,139,0.1,172,932,1399,1632,3,#e6dede,#cdbdbd,#ffffff
390,SNOWY,CASTFORM,351,V0351_POKEMON_CASTFORM_SNOWY,139,0.3,139,0.1,172,932,1399,1632,3,#e6dede,#cdbdbd,#ffffff
391,,KECLEON,352,V0352_POKEMON_KECLEON,161,0.3,189,0.1,155,1169,1754,2047,3,#5a9473,#5abd73,#41625a
392,,SHUPPET,353,V0353_POKEMON_SHUPPET,138,0.4,65,0.1,127,581,873,1018,3,#625a8b,#8383ac,#73739c
393,,BANETTE,354,V0354_POKEMON_BANETTE,218,0.2,126,0.07,162,1313,1970,2298,3,#5a5262,#7b7b83,#9c9ca4
394,,DUSKULL,355,V0355_POKEMON_DUSKULL,70,0.4,162,0.1,85,403,605,706,3,#4a4a41,#6a6a5a,#080808
395,,DUSCLOPS,356,V0356_POKEMON_DUSCLOPS,124,0.2,234,0.07,120,909,1364,1591,3,#62625a,#a4a494,#101010
396,,TROPIUS,357,V0357_POKEMON_TROPIUS,136,0.3,163,0.1,223,1109,1663,1941,3,#398b4a,#52ac52,#206220
397,,CHIMECHO,358,V0358_POKEMON_CHIMECHO,175,0.3,170,0.1,181,1291,1937,2259,3,#c5e6ff,#f6527b,#9cc5e6
398,,ABSOL,359,V0359_POKEMON_ABSOL,246,0.5,120,0.1,163,1443,2166,2526,3,#b4b4d5,#ffffff,#626283
399,,WYNAUT,360,V0360_POKEMON_WYNAUT,41,0.3,86,0.1,216,305,457,534,3,#6abdde,#4a9cbd,#395262
400,,SNORUNT,361,V0361_POKEMON_SNORUNT,95,0.5,95,0.1,137,507,761,888,3,#eec56a,#4a4a4a,#ff735a
401,,GLALIE,362,V0362_POKEMON_GLALIE,162,0.2,162,0.06,190,1203,1805,2105,3,#e6e6f6,#acaccd,#393941
402,,SPHEAL,363,V0363_POKEMON_SPHEAL,95,0.5,90,0.1,172,550,825,962,3,#f6e6bd,#94acf6,#4a6abd
403,,SEALEO,364,V0364_POKEMON_SEALEO,137,0.25,132,0.07,207,979,1470,1714,3,#5a94de,#eecdac,#7bc5ff
404,,WALREIN,365,V0365_POKEMON_WALREIN,182,0.125,176,0.05,242,1557,2336,2726,3,#83b4e6,#3973ac,#31527b
405,,CLAMPERL,366,V0366_POKEMON_CLAMPERL,133,0.5,135,0.1,111,726,1089,1270,3,#101010,#3962bd,#739cd5
406,,HUNTAIL,367,V0367_POKEMON_HUNTAIL,197,0.2,179,0.06,146,1337,2005,2340,3,#4a9cbd,#8bcdee,#a45a20
407,,GOREBYSS,368,V0368_POKEMON_GOREBYSS,211,0.2,179,0.06,146,1425,2138,2494,3,#f68bc5,#d562a4,#9c5abd
408,,RELICANTH,369,V0369_POKEMON_RELICANTH,162,0.9,203,0.01,225,1444,2167,2528,3,#cdb494,#524141,#9c837b
409,,LUVDISC,370,V0370_POKEMON_LUVDISC,81,0.3,128,0.1,125,484,727,848,3,#e6739c,#f694b4,#ffc5d5
410,,BAGON,371,V0371_POKEMON_BAGON,134,0.4,93,0.09,128,660,991,1156,3,#62ace6,#94d5ff,#4a5262
411,,SHELGON,372,V0372_POKEMON_SHELGON,172,0.1,155,0.06,163,1160,1741,2031,3,#d5d5d5,#acacb4,#181818
412,,SALAMENCE,373,V0373_POKEMON_SALAMENCE,277,0.05,168,0.05,216,2142,3214,3749,3,#a4394a,#83cde6,#bd526a
413,,BELDUM,374,V0374_POKEMON_BELDUM,96,0.4,132,0.09,120,558,837,976,3,#4a6aa4,#101010,#414a83
414,,METANG,375,V0375_POKEMON_METANG,138,0.1,176,0.06,155,983,1476,1721,3,#41628b,#101010,#5a94d5
415,,METAGROSS,376,V0376_POKEMON_METAGROSS,257,0.05,228,0.05,190,2166,3250,3791,3,#416294,#101010,#313962
416,,REGIROCK,377,V0377_POKEMON_REGIROCK,179,0.02,309,0.01,190,1784,2676,3122,3,#948b73,#cdc5ac,#524a29
417,,REGICE,378,V0378_POKEMON_REGICE,179,0.02,309,0.01,190,1784,2676,3122,3,#6ab4d5,#5a83ac,#bdeeff
418,,REGISTEEL,379,V0379_POKEMON_REGISTEEL,143,0.02,285,0.01,190,1398,2097,2447,3,#b4acac,#d5cdd5,#838b83
419,,LATIAS,380,V0380_POKEMON_LATIAS,228,0.02,246,0.01,190,2006,3009,3510,3,#cdcdee,#bd4141,#ff6262
420,,LATIOS,381,V0381_POKEMON_LATIOS,268,0.02,212,0.01,190,2178,3268,3812,3,#4a62b4,#b4b4ac,#5aa4ff
421,,KYOGRE,382,V0382_POKEMON_KYOGRE,270,0.02,228,0.01,205,2351,3527,4115,3,#3962b4,#101010,#295294
422,,GROUDON,383,V0383_POKEMON_GROUDON,270,0.02,228,0.01,205,2351,3527,4115,3,#736262,#ff2029,#7b2029
423,,RAYQUAZA,384,V0384_POKEMON_RAYQUAZA,284,0.02,170,0.01,213,2191,3287,3835,3,#4a8373,#5abd8b,#295241
424,,JIRACHI,385,V0385_POKEMON_JIRACHI,210,0.02,210,0.01,225,1865,2799,3265,3,#e6bd52,#ffe65a,#c5cdde
425,DEFENSE,DEOXYS,386,V0386_POKEMON_DEOXYS_DEFENSE,144,0.06,330,0.01,137,1299,1949,2274,3,#bd6a6a,#181818,#ff734a
426,,DEOXYS,386,V0386_POKEMON_DEOXYS,345,0.06,115,0.01,137,1806,2709,3160,3,#bd6a6a,#181818,#ff734a
427,NORMAL,DEOXYS,386,V0386_POKEMON_DEOXYS_NORMAL,345,0.06,115,0.01,137,1806,2709,3160,3,#bd6a6a,#181818,#ff734a
428,ATTACK,DEOXYS,386,V0386_POKEMON_DEOXYS_ATTACK,414,0.06,46,0.01,137,1474,2211,2580,3,#bd6a6a,#181818,#ff734a
429,SPEED,DEOXYS,386,V0386_POKEMON_DEOXYS_SPEED,230,0.06,218,0.01,137,1645,2468,2879,3,#bd6a6a,#181818,#ff734a
430,,TURTWIG,387,V0387_POKEMON_TURTWIG,119,0.2,110,0.1,146,678,1017,1187,4,#bdcd83,#94ac5a,#c5bd39
431,,GROTLE,388,V0388_POKEMON_GROTLE,157,0.1,143,0.07,181,1080,1620,1890,4,#62b46a,#deb441,#398b41
432,,TORTERRA,389,V0389_POKEMON_TORTERRA,202,0.05,188,0.05,216,1677,2515,2934,4,#41ac41,#318b39,#8b6a41
433,,CHIMCHAR,390,V0390_POKEMON_CHIMCHAR,113,0.2,86,0.1,127,547,820,957,4,#ffe6ac,#101010,#deb452
434,,MONFERNO,391,V0391_POKEMON_MONFERNO,158,0.1,105,0.07,162,899,1349,1574,4,#d58b29,#eecd94,#9c5218
435,,INFERNAPE,392,V0392_POKEMON_INFERNAPE,222,0.05,151,0.05,183,1533,2300,2683,4,#e63941,#101010,#ffde52
436,,PIPLUP,393,V0393_POKEMON_PIPLUP,112,0.2,102,0.1,142,614,921,1075,4,#318bd5,#ffffff,#20629c
437,,PRINPLUP,394,V0394_POKEMON_PRINPLUP,150,0.1,139,0.07,162,972,1458,1701,4,#205a94,#20416a,#629cf6
438,,EMPOLEON,395,V0395_POKEMON_EMPOLEON,210,0.05,186,0.05,197,1657,2486,2900,4,#102041,#103973,#528be6
439,,STARLY,396,V0396_POKEMON_STARLY,101,0.5,58,0.2,120,410,616,719,4,#524a4a,#ffffff,#736262
440,,STARAVIA,397,V0397_POKEMON_STARAVIA,142,0.25,94,0.09,146,742,1113,1299,4,#5a525a,#393139,#101010
441,,STARAPTOR,398,V0398_POKEMON_STARAPTOR,234,0.125,140,0.06,198,1614,2422,2825,4,#5a525a,#101010,#9c838b
442,,BIDOOF,399,V0399_POKEMON_BIDOOF,80,0.5,73,0.2,153,412,618,721,4,#c58b41,#9c6231,#101010
443,,BIBAREL,400,V0400_POKEMON_BIBAREL,162,0.2,119,0.07,188,1041,1562,1823,4,#bd834a,#625239,#e6d59c
444,,KRICKETOT,401,V0401_POKEMON_KRICKETOT,45,0.5,74,0.2,114,229,344,401,4,#101010,#ffeeac,#7b7362
445,,KRICKETUNE,402,V0402_POKEMON_KRICKETUNE,160,0.2,100,0.07,184,944,1417,1653,4,#de5a52,#101010,#7b7362
446,,SHINX,403,V0403_POKEMON_SHINX,117,0.5,64,0.1,128,500,751,876,4,#7bacf6,#101010,#627bb4
447,,LUXIO,404,V0404_POKEMON_LUXIO,159,0.25,95,0.07,155,849,1273,1486,4,#4a4a62,#101010,#313141
448,,LUXRAY,405,V0405_POKEMON_LUXRAY,232,0.125,156,0.05,190,1650,2475,2888,4,#4a4a62,#313141,#101010
449,,BUDEW,406,V0406_POKEMON_BUDEW,91,0.1,109,0.04,120,489,734,856,4,#7bd55a,#73a44a,#ffee6a
450,,ROSERADE,407,V0407_POKEMON_ROSERADE,243,0.15,185,0.07,155,1697,2546,2971,4,#ffffff,#739c8b,#297b52
451,,CRANIDOS,408,V0408_POKEMON_CRANIDOS,218,0.5,71,0.1,167,1040,1560,1820,4,#4a83bd,#83949c,#101010
452,,RAMPARDOS,409,V0409_POKEMON_RAMPARDOS,295,0.2,109,0.06,219,1884,2827,3298,4,#83837b,#62625a,#414141
453,,SHIELDON,410,V0410_POKEMON_SHIELDON,76,0.5,195,0.1,102,509,763,890,4,#62626a,#41394a,#101010
454,,BASTIODON,411,V0411_POKEMON_BASTIODON,94,0.2,286,0.06,155,879,1320,1539,4,#62626a,#41394a,#101010
455,PLANT,BURMY,412,V0412_POKEMON_BURMY_PLANT,53,0.5,83,0.2,120,279,418,488,4,#527341,#101010,#314a39
456,SANDY,BURMY,412,V0412_POKEMON_BURMY_SANDY,53,0.5,83,0.2,120,279,418,488,4,#527341,#101010,#314a39
457,TRASH,BURMY,412,V0412_POKEMON_BURMY_TRASH,53,0.5,83,0.2,120,279,418,488,4,#527341,#101010,#314a39
458,,BURMY,412,V0412_POKEMON_BURMY,53,0.5,83,0.2,120,279,418,488,4,#527341,#101010,#314a39
459,SANDY,WORMADAM,413,V0413_POKEMON_WORMADAM_SANDY,141,0.15,180,0.07,155,1013,1520,1773,4,#527341,#7b9c4a,#101010
460,,WORMADAM,413,V0413_POKEMON_WORMADAM,141,0.15,180,0.07,155,1013,1520,1773,4,#527341,#7b9c4a,#101010
461,TRASH,WORMADAM,413,V0413_POKEMON_WORMADAM_TRASH,127,0.15,175,0.07,155,910,1366,1593,4,#527341,#7b9c4a,#101010
462,PLANT,WORMADAM,413,V0413_POKEMON_WORMADAM_PLANT,141,0.15,180,0.07,155,1013,1520,1773,4,#527341,#7b9c4a,#101010
463,,MOTHIM,414,V0414_POKEMON_MOTHIM,185,0.15,98,0.07,172,1037,1556,1815,4,#f6d57b,#101010,#e66a29
464,,COMBEE,415,V0415_POKEMON_COMBEE,59,0.15,83,0.07,102,282,424,494,4,#eeeeff,#101010,#393941
465,,VESPIQUEN,416,V0416_POKEMON_VESPIQUEN,149,0.15,190,0.07,172,1145,1719,2005,4,#101010,#ffcd08,#41414a
466,,PACHIRISU,417,V0417_POKEMON_PACHIRISU,94,0.3,172,0.09,155,693,1040,1213,4,#f6f6f6,#7bb4e6,#cdc5c5
467,,BUIZEL,418,V0418_POKEMON_BUIZEL,132,0.5,67,0.1,146,602,904,1054,4,#ee7b18,#ac5a20,#181818
468,,FLOATZEL,419,V0419_POKEMON_FLOATZEL,221,0.2,114,0.06,198,1396,2094,2443,4,#f6f6b4,#ee7b18,#ac5a20
469,,CHERUBI,420,V0420_POKEMON_CHERUBI,108,0.5,92,0.09,128,542,814,950,4,#de6283,#ac416a,#101010
470,,CHERRIM,421,V0421_POKEMON_CHERRIM,170,0.1,153,0.07,172,1170,1755,2048,4,#6a417b,#835aac,#101010
471,OVERCAST,CHERRIM,421,V0421_POKEMON_CHERRIM_OVERCAST,170,0.1,153,0.07,172,1170,1755,2048,4,#6a417b,#835aac,#101010
472,SUNNY,CHERRIM,421,V0421_POKEMON_CHERRIM_SUNNY,170,0.1,153,0.07,172,1170,1755,2048,4,#6a417b,#835aac,#101010
473,,SHELLOS,422,V0422_POKEMON_SHELLOS,103,0.5,105,0.1,183,649,973,1136,4,#ff8bc5,#101010,#b4b4c5
474,WEST SEA,SHELLOS,422,V0422_POKEMON_SHELLOS_WEST_SEA,103,0.5,105,0.1,183,649,973,1136,4,#ff8bc5,#101010,#b4b4c5
475,EAST SEA,SHELLOS,422,V0422_POKEMON_SHELLOS_EAST_SEA,103,0.5,105,0.1,183,649,973,1136,4,#ff8bc5,#101010,#b4b4c5
476,EAST SEA,GASTRODON,423,V0423_POKEMON_GASTRODON_EAST_SEA,169,0.2,143,0.06,244,1328,1992,2324,4,#6a4a39,#ff8bc5,#ac6294
477,WEST SEA,GASTRODON,423,V0423_POKEMON_GASTRODON_WEST_SEA,169,0.2,143,0.06,244,1328,1992,2324,4,#6a4a39,#ff8bc5,#ac6294
478,,GASTRODON,423,V0423_POKEMON_GASTRODON,169,0.2,143,0.06,244,1328,1992,2324,4,#6a4a39,#ff8bc5,#ac6294
479,,AMBIPOM,424,V0424_POKEMON_AMBIPOM,205,0.2,143,0.06,181,1381,2072,2418,4,#101010,#8339ac,#ffeea4
480,,DRIFLOON,425,V0425_POKEMON_DRIFLOON,117,0.4,80,0.1,207,684,1026,1197,4,#946ae6,#7b41a4,#101010
481,,DRIFBLIM,426,V0426_POKEMON_DRIFBLIM,180,0.2,102,0.07,312,1361,2042,2382,4,#8352ac,#a483c5,#ffde08
482,,BUNEARY,427,V0427_POKEMON_BUNEARY,130,0.5,105,0.1,146,719,1079,1258,4,#b47b4a,#eedea4,#c5a47b
483,,LOPUNNY,428,V0428_POKEMON_LOPUNNY,156,0.2,194,0.06,163,1177,1765,2059,4,#eedea4,#c5a47b,#8b5a41
484,,MISMAGIUS,429,V0429_POKEMON_MISMAGIUS,211,0.1,187,0.07,155,1494,2242,2615,4,#6a4a94,#4a395a,#312039
485,,HONCHKROW,430,V0430_POKEMON_HONCHKROW,243,0.1,103,0.07,225,1549,2324,2711,4,#39395a,#395a9c,#101010
486,,GLAMEOW,431,V0431_POKEMON_GLAMEOW,109,0.4,82,0.1,135,533,800,934,4,#8b9cbd,#414152,#6a7383
487,,PURUGLY,432,V0432_POKEMON_PURUGLY,172,0.15,133,0.08,174,1116,1674,1953,4,#8394b4,#eeffff,#6a7383
488,,CHINGLING,433,V0433_POKEMON_CHINGLING,114,0.1,94,0.04,128,574,862,1005,4,#ffd55a,#bd9c4a,#e66252
489,,STUNKY,434,V0434_POKEMON_STUNKY,121,0.5,90,0.1,160,657,987,1151,4,#6a528b,#4a395a,#101010
490,,SKUNTANK,435,V0435_POKEMON_SKUNTANK,184,0.2,132,0.06,230,1347,2021,2358,4,#6a528b,#eedeac,#101010
491,,BRONZOR,436,V0436_POKEMON_BRONZOR,43,0.5,154,0.1,149,344,516,603,4,#185a7b,#2983a4,#10394a
492,,BRONZONG,437,V0437_POKEMON_BRONZONG,161,0.2,213,0.06,167,1279,1919,2239,4,#207383,#41accd,#204a5a
493,,BONSLY,438,V0438_POKEMON_BONSLY,124,0.1,133,0.04,137,744,1116,1302,4,#ac835a,#836a41,#4ac541
494,,MIME_JR,439,V0439_POKEMON_MIME_JR,125,0.1,142,0.04,85,626,939,1095,4,#ffc5d5,#526ad5,#314a94
495,,HAPPINY,440,V0440_POKEMON_HAPPINY,25,0.1,77,0.04,225,212,318,371,4,#ffc5d5,#101010,#de6a9c
496,,CHATOT,441,V0441_POKEMON_CHATOT,183,0.3,91,0.09,183,1023,1535,1791,4,#41414a,#292931,#ffffff
497,,SPIRITOMB,442,V0442_POKEMON_SPIRITOMB,169,0.1,199,0.04,137,1184,1776,2072,4,#a4529c,#c573bd,#62b441
498,,GIBLE,443,V0443_POKEMON_GIBLE,124,0.4,84,0.09,151,635,954,1112,4,#5294ac,#416a83,#314152
499,,GABITE,444,V0444_POKEMON_GABITE,172,0.1,125,0.06,169,1071,1606,1874,4,#394a8b,#5a6abd,#102952
500,,GARCHOMP,445,V0445_POKEMON_GARCHOMP,261,0.05,193,0.05,239,2264,3396,3962,4,#5a62ac,#41418b,#292952
501,,MUNCHLAX,446,V0446_POKEMON_MUNCHLAX,137,0.1,117,0.04,286,1081,1622,1892,4,#317b9c,#205a73,#104141
502,,RIOLU,447,V0447_POKEMON_RIOLU,127,0.0,78,0.2,120,567,851,993,4,#101010,#4a9cee,#5a5a5a
503,,LUCARIO,448,V0448_POKEMON_LUCARIO,236,0.1,144,0.05,172,1544,2317,2703,4,#5a5a5a,#101010,#29739c
504,,HIPPOPOTAS,449,V0449_POKEMON_HIPPOPOTAS,124,0.4,118,0.1,169,776,1164,1358,4,#e6cd7b,#836220,#101010
505,,HIPPOWDON,450,V0450_POKEMON_HIPPOWDON,201,0.15,191,0.08,239,1763,2645,3085,4,#eed594,#5a5a62,#cdb439
506,,SKORUPI,451,V0451_POKEMON_SKORUPI,93,0.4,151,0.1,120,576,865,1009,4,#6a6ab4,#949cee,#101010
507,,DRAPION,452,V0452_POKEMON_DRAPION,180,0.15,202,0.08,172,1401,2103,2453,4,#4a3162,#101010,#8b5a9c
508,,CROAGUNK,453,V0453_POKEMON_CROAGUNK,116,0.4,76,0.12,134,544,816,952,4,#6a73d5,#101010,#313141
509,,TOXICROAK,454,V0454_POKEMON_TOXICROAK,211,0.15,133,0.07,195,1421,2133,2488,4,#6a73d5,#101010,#4a4a8b
510,,CARNIVINE,455,V0455_POKEMON_CARNIVINE,187,0.9,136,0.01,179,1233,1851,2159,4,#101010,#bdc57b,#628339
511,,FINNEON,456,V0456_POKEMON_FINNEON,96,0.5,116,0.1,135,555,833,971,4,#31415a,#94d5e6,#101010
512,,LUMINEON,457,V0457_POKEMON_LUMINEON,142,0.2,170,0.06,170,1036,1555,1814,4,#31415a,#94d5e6,#101010
513,,MANTYKE,458,V0458_POKEMON_MANTYKE,105,0.1,179,0.04,128,713,1070,1248,4,#1052ac,#b4deff,#9cb4de
514,,SNOVER,459,V0459_POKEMON_SNOVER,115,0.3,105,0.1,155,662,994,1159,4,#ffffff,#735a4a,#cddede
515,,ABOMASNOW,460,V0460_POKEMON_ABOMASNOW,178,0.125,158,0.06,207,1349,2024,2362,4,#ffffff,#c5d5de,#202931
516,,WEAVILE,461,V0461_POKEMON_WEAVILE,243,0.15,171,0.09,172,1717,2576,3005,4,#c52973,#101010,#414a83
517,,MAGNEZONE,462,V0462_POKEMON_MAGNEZONE,238,0.125,205,0.05,172,1831,2747,3205,4,#6a739c,#101010,#414152
518,,LICKILICKY,463,V0463_POKEMON_LICKILICKY,161,0.15,181,0.09,242,1409,2114,2467,4,#e67394,#bd5273,#f67b5a
519,,RHYPERIOR,464,V0464_POKEMON_RHYPERIOR,241,0.05,190,0.05,251,2133,3200,3733,4,#7b6a7b,#5a4a62,#101010
520,,TANGROWTH,465,V0465_POKEMON_TANGROWTH,207,0.15,184,0.1,225,1731,2597,3030,4,#3973ac,#295a83,#183962
521,,ELECTIVIRE,466,V0466_POKEMON_ELECTIVIRE,249,0.15,163,0.1,181,1759,2640,3079,4,#ffde20,#312929,#c5ac41
522,,MAGMORTAR,467,V0467_POKEMON_MAGMORTAR,247,0.15,172,0.1,181,1790,2685,3132,4,#ffc539,#101010,#ac3952
523,,TOGEKISS,468,V0468_POKEMON_TOGEKISS,225,0.01,217,0.05,198,1904,2856,3332,4,#bdc5de,#eeeeff,#101010
524,,YANMEGA,469,V0469_POKEMON_YANMEGA,231,0.175,156,0.05,200,1683,2525,2946,4,#f65a52,#101010,#ffffff
525,,LEAFEON,470,V0470_POKEMON_LEAFEON,216,0.125,219,0.06,163,1682,2524,2944,4,#eed59c,#319c73,#101010
526,,GLACEON,471,V0471_POKEMON_GLACEON,238,0.125,205,0.06,163,1786,2680,3126,4,#94e6ee,#415a6a,#101010
527,,GLISCOR,472,V0472_POKEMON_GLISCOR,185,0.125,222,0.09,181,1538,2307,2692,4,#9c8bee,#5a62a4,#101010
528,,MAMOSWINE,473,V0473_POKEMON_MAMOSWINE,247,0.05,146,0.05,242,1902,2853,3328,4,#9c6a4a,#734a41,#eef6f6
529,,PORYGON_Z,474,V0474_POKEMON_PORYGON_Z,264,0.05,150,0.05,198,1866,2800,3266,4,#4a9cd5,#101010,#31739c
530,,GALLADE,475,V0475_POKEMON_GALLADE,237,0.5,195,0.05,169,1767,2652,3093,4,#c5cdde,#101010,#5ab46a
531,,PROBOPASS,476,V0476_POKEMON_PROBOPASS,135,0.1,275,0.07,155,1188,1783,2080,4,#e65a62,#5a7bcd,#29394a
532,,DUSKNOIR,477,V0477_POKEMON_DUSKNOIR,180,0.1,254,0.05,128,1364,2047,2388,4,#413939,#aca49c,#625a62
533,,FROSLASS,478,V0478_POKEMON_FROSLASS,171,0.2,150,0.07,172,1166,1749,2040,4,#ffffff,#c5cdde,#101010
534,MOW,ROTOM,479,V0479_POKEMON_ROTOM_MOW,204,0.3,219,0.1,137,1474,2211,2579,4,#5ac5bd,#29acbd,#c54a18
535,HEAT,ROTOM,479,V0479_POKEMON_ROTOM_HEAT,204,0.3,219,0.1,137,1474,2211,2579,4,#5ac5bd,#29acbd,#c54a18
536,,ROTOM,479,V0479_POKEMON_ROTOM,185,0.3,159,0.1,137,1160,1741,2031,4,#5ac5bd,#29acbd,#c54a18
537,FROST,ROTOM,479,V0479_POKEMON_ROTOM_FROST,204,0.3,219,0.1,137,1474,2211,2579,4,#5ac5bd,#29acbd,#c54a18
538,FAN,ROTOM,479,V0479_POKEMON_ROTOM_FAN,204,0.3,219,0.1,137,1474,2211,2579,4,#5ac5bd,#29acbd,#c54a18
539,WASH,ROTOM,479,V0479_POKEMON_ROTOM_WASH,204,0.3,219,0.1,137,1474,2211,2579,4,#5ac5bd,#29acbd,#c54a18
540,NORMAL,ROTOM,479,V0479_POKEMON_ROTOM_NORMAL,185,0.3,159,0.1,137,1160,1741,2031,4,#5ac5bd,#29acbd,#c54a18
541,,UXIE,480,V0480_POKEMON_UXIE,156,0.02,270,0.04,181,1442,2163,2524,4,#f6c573,#949cc5,#101010
542,,MESPRIT,481,V0481_POKEMON_MESPRIT,212,0.02,212,0.04,190,1747,2621,3058,4,#ee73ac,#949cc5,#b4cdf6
543,,AZELF,482,V0482_POKEMON_AZELF,270,0.02,151,0.04,181,1834,2752,3210,4,#949cc5,#5a94c5,#b4cdf6
544,,DIALGA,483,V0483_POKEMON_DIALGA,275,0.02,211,0.04,205,2307,3462,4038,4,#20416a,#bdcdde,#101010
545,,PALKIA,484,V0484_POKEMON_PALKIA,280,0.02,215,0.04,189,2280,3421,3991,4,#eee6ff,#cdb4d5,#a49cb4
546,,HEATRAN,485,V0485_POKEMON_HEATRAN,251,0.02,213,0.04,209,2145,3218,3754,4,#c5c5c5,#949494,#181818
547,,REGIGIGAS,486,V0486_POKEMON_REGIGIGAS,287,0.02,210,0.04,221,2483,3725,4346,4,#c59c52,#394a5a,#f6f6f6
548,ORIGIN,GIRATINA,487,V0487_POKEMON_GIRATINA_ORIGIN,225,0.02,187,0.04,284,2105,3157,3683,4,#39394a,#c5cdd5,#9494a4
549,ALTERED,GIRATINA,487,V0487_POKEMON_GIRATINA_ALTERED,187,0.02,225,0.04,284,1931,2897,3379,4,#39394a,#c5cdd5,#9494a4
550,,GIRATINA,487,V0487_POKEMON_GIRATINA,187,0.02,225,0.04,284,1931,2897,3379,4,#39394a,#c5cdd5,#9494a4
551,,CRESSELIA,488,V0488_POKEMON_CRESSELIA,152,0.02,258,0.04,260,1633,2449,2857,4,#c55a9c,#ffd573,#8394f6
552,,PHIONE,489,V0489_POKEMON_PHIONE,162,0.02,162,0.0,190,1203,1805,2105,4,#6ac5f6,#189cd5,#101010
553,,MANAPHY,490,V0490_POKEMON_MANAPHY,210,0.02,210,0.0,225,1865,2799,3265,4,#6ac5f6,#189cd5,#101010
554,,DARKRAI,491,V0491_POKEMON_DARKRAI,285,0.02,198,0.0,172,2136,3205,3739,4,#313131,#101010,#524a4a
555,LAND,SHAYMIN,492,V0492_POKEMON_SHAYMIN_LAND,210,0.02,210,0.0,225,1865,2799,3265,4,#acde62,#101010,#ee8ba4
556,,SHAYMIN,492,V0492_POKEMON_SHAYMIN,210,0.02,210,0.0,225,1865,2799,3265,4,#acde62,#101010,#ee8ba4
557,SKY,SHAYMIN,492,V0492_POKEMON_SHAYMIN_SKY,261,0.02,166,0.0,225,2052,3079,3592,4,#acde62,#101010,#ee8ba4
558,STEEL,ARCEUS,493,V0493_POKEMON_ARCEUS_STEEL,238,0.02,238,0.0,237,2279,3420,3989,4,#e6e6ee,#101010,#b4b4bd
559,ICE,ARCEUS,493,V0493_POKEMON_ARCEUS_ICE,238,0.02,238,0.0,237,2279,3420,3989,4,#e6e6ee,#101010,#b4b4bd
560,WATER,ARCEUS,493,V0493_POKEMON_ARCEUS_WATER,238,0.02,238,0.0,237,2279,3420,3989,4,#e6e6ee,#101010,#b4b4bd
561,ROCK,ARCEUS,493,V0493_POKEMON_ARCEUS_ROCK,238,0.02,238,0.0,237,2279,3420,3989,4,#e6e6ee,#101010,#b4b4bd
562,PSYCHIC,ARCEUS,493,V0493_POKEMON_ARCEUS_PSYCHIC,238,0.02,238,0.0,237,2279,3420,3989,4,#e6e6ee,#101010,#b4b4bd
563,POISON,ARCEUS,493,V0493_POKEMON_ARCEUS_POISON,238,0.02,238,0.0,237,2279,3420,3989,4,#e6e6ee,#101010,#b4b4bd
564,NORMAL,ARCEUS,493,V0493_POKEMON_ARCEUS_NORMAL,238,0.02,238,0.0,237,2279,3420,3989,4,#e6e6ee,#101010,#b4b4bd
565,GRASS,ARCEUS,493,V0493_POKEMON_ARCEUS_GRASS,238,0.02,238,0.0,237,2279,3420,3989,4,#e6e6ee,#101010,#b4b4bd
566,DARK,ARCEUS,493,V0493_POKEMON_ARCEUS_DARK,238,0.02,238,0.0,237,2279,3420,3989,4,#e6e6ee,#101010,#b4b4bd
567,FLYING,ARCEUS,493,V0493_POKEMON_ARCEUS_FLYING,238,0.02,238,0.0,237,2279,3420,3989,4,#e6e6ee,#101010,#b4b4bd
568,FIRE,ARCEUS,493,V0493_POKEMON_ARCEUS_FIRE,238,0.02,238,0.0,237,2279,3420,3989,4,#e6e6ee,#101010,#b4b4bd
569,FIGHTING,ARCEUS,493,V0493_POKEMON_ARCEUS_FIGHTING,238,0.02,238,0.0,237,2279,3420,3989,4,#e6e6ee,#101010,#b4b4bd
570,FAIRY,ARCEUS,493,V0493_POKEMON_ARCEUS_FAIRY,238,0.02,238,0.0,237,2279,3420,3989,4,#e6e6ee,#101010,#b4b4bd
571,ELECTRIC,ARCEUS,493,V0493_POKEMON_ARCEUS_ELECTRIC,238,0.02,238,0.0,237,2279,3420,3989,4,#e6e6ee,#101010,#b4b4bd
572,BUG,ARCEUS,493,V0493_POKEMON_ARCEUS_BUG,238,0.02,238,0.0,237,2279,3420,3989,4,#e6e6ee,#101010,#b4b4bd
573,,ARCEUS,493,V0493_POKEMON_ARCEUS,238,0.02,238,0.0,237,2279,3420,3989,4,#e6e6ee,#101010,#b4b4bd
574,GHOST,ARCEUS,493,V0493_POKEMON_ARCEUS_GHOST,238,0.02,238,0.0,237,2279,3420,3989,4,#e6e6ee,#101010,#b4b4bd
575,GROUND,ARCEUS,493,V0493_POKEMON_ARCEUS_GROUND,238,0.02,238,0.0,237,2279,3420,3989,4,#e6e6ee,#101010,#b4b4bd
576,DRAGON,ARCEUS,493,V0493_POKEMON_ARCEUS_DRAGON,238,0.02,238,0.0,237,2279,3420,3989,4,#e6e6ee,#101010,#b4b4bd
577,,MELTAN,808,V0808_POKEMON_MELTAN,118,0.3,99,0.0,130,610,915,1068,7,#a37a40,#aaaba9,#966c3b
578,,MELMETAL,809,V0809_POKEMON_MELMETAL,226,0.3,190,0.0,264,2056,3085,3599,7,#818182,#524d4c,#dcdddb
